{
  "project_info": {
    "project_number": "1000390880474",
    "project_id": "fir-ku-7e4f5",
    "storage_bucket": "fir-ku-7e4f5.appspot.com"
  },
  "client": [
    {
      "client_info": {
        "mobilesdk_app_id": "1:1000390880474:android:7474e416aeafbbeff409e3",
        "android_client_info": {
          "package_name": "com.example.firebaseku"
        }
      },
      "oauth_client": [
        {
          "client_id": "1000390880474-ofdcn4hun048s0hj2kb19urfntthhijq.apps.googleusercontent.com",
          "client_type": 3
        }
      ],
      "api_key": [
        {
          "current_key": "AIzaSyC6iFbn5G84cW4FFGfU3d5Xk-rDidGAHS8"
        }
      ],
      "services": {
        "appinvite_service": {
          "other_platform_oauth_client": [
            {
              "client_id": "1000390880474-ofdcn4hun048s0hj2kb19urfntthhijq.apps.googleusercontent.com",
              "client_type": 3
            }
          ]
        }
      }
    }
  ],
  "configuration_version": "1"
}